<?xml version="1.0" encoding="utf-8"?>
<!DOCTYPE hibernate-configuration SYSTEM 
"http://www.hibernate.org/dtd/hibernate-configuration-3.0.dtd">

<hibernate-configuration>
	<session-factory>
		<property name="hibernate.dialect">
			org.hibernate.dialect.PostgreSQLDialect
		</property>
		<property name="hibernate.connection.driver_class">
			org.postgresql.Driver
		</property>

		<!-- Datos para la conexion de la Base de datos -->
		<property name="hibernate.connection.url">
			jdbc:postgresql://localhost:5432/GestCon_db
		</property>
		<property name="hibernate.connection.username">
			postgres
		</property>
		<property name="hibernate.connection.password">
			123
		</property>

		<property name="hibernate.current_session_context_class">thread</property>

		<property name="hbm2ddl.auto">update</property>

		<property name="show_sql">true</property>

		<!-- Lista de mapeo de clases -->
		<mapping class="py.edu.gestcon.entidades.Universidad"></mapping>
		<mapping class="py.edu.gestcon.entidades.Unidad_academica"></mapping>
		<mapping class="py.edu.gestcon.entidades.Firmantes"></mapping>
		<mapping class="py.edu.gestcon.entidades.Institucion"></mapping>
		<mapping class="py.edu.gestcon.entidades.Convenio"></mapping>
		<mapping class="py.edu.gestcon.entidades.Seguimiento"></mapping>
		<mapping class="py.edu.gestcon.entidades.Configuracion"></mapping>
	</session-factory>
</hibernate-configuration>